# BLS Geography Reference Data
# Combined reference table with states, metros, and census regions
# Used by bls_geographies table in ECON_REFERENCE schema

geographies:
  # === STATES (51 entries: 50 states + DC) ===
  - geo_code: AL
    geo_name: Alabama
    geo_type: state
    state_fips: "01"
  - geo_code: AK
    geo_name: Alaska
    geo_type: state
    state_fips: "02"
  - geo_code: AZ
    geo_name: Arizona
    geo_type: state
    state_fips: "04"
  - geo_code: AR
    geo_name: Arkansas
    geo_type: state
    state_fips: "05"
  - geo_code: CA
    geo_name: California
    geo_type: state
    state_fips: "06"
  - geo_code: CO
    geo_name: Colorado
    geo_type: state
    state_fips: "08"
  - geo_code: CT
    geo_name: Connecticut
    geo_type: state
    state_fips: "09"
  - geo_code: DE
    geo_name: Delaware
    geo_type: state
    state_fips: "10"
  - geo_code: DC
    geo_name: District of Columbia
    geo_type: state
    state_fips: "11"
  - geo_code: FL
    geo_name: Florida
    geo_type: state
    state_fips: "12"
  - geo_code: GA
    geo_name: Georgia
    geo_type: state
    state_fips: "13"
  - geo_code: HI
    geo_name: Hawaii
    geo_type: state
    state_fips: "15"
  - geo_code: ID
    geo_name: Idaho
    geo_type: state
    state_fips: "16"
  - geo_code: IL
    geo_name: Illinois
    geo_type: state
    state_fips: "17"
  - geo_code: IN
    geo_name: Indiana
    geo_type: state
    state_fips: "18"
  - geo_code: IA
    geo_name: Iowa
    geo_type: state
    state_fips: "19"
  - geo_code: KS
    geo_name: Kansas
    geo_type: state
    state_fips: "20"
  - geo_code: KY
    geo_name: Kentucky
    geo_type: state
    state_fips: "21"
  - geo_code: LA
    geo_name: Louisiana
    geo_type: state
    state_fips: "22"
  - geo_code: ME
    geo_name: Maine
    geo_type: state
    state_fips: "23"
  - geo_code: MD
    geo_name: Maryland
    geo_type: state
    state_fips: "24"
  - geo_code: MA
    geo_name: Massachusetts
    geo_type: state
    state_fips: "25"
  - geo_code: MI
    geo_name: Michigan
    geo_type: state
    state_fips: "26"
  - geo_code: MN
    geo_name: Minnesota
    geo_type: state
    state_fips: "27"
  - geo_code: MS
    geo_name: Mississippi
    geo_type: state
    state_fips: "28"
  - geo_code: MO
    geo_name: Missouri
    geo_type: state
    state_fips: "29"
  - geo_code: MT
    geo_name: Montana
    geo_type: state
    state_fips: "30"
  - geo_code: NE
    geo_name: Nebraska
    geo_type: state
    state_fips: "31"
  - geo_code: NV
    geo_name: Nevada
    geo_type: state
    state_fips: "32"
  - geo_code: NH
    geo_name: New Hampshire
    geo_type: state
    state_fips: "33"
  - geo_code: NJ
    geo_name: New Jersey
    geo_type: state
    state_fips: "34"
  - geo_code: NM
    geo_name: New Mexico
    geo_type: state
    state_fips: "35"
  - geo_code: NY
    geo_name: New York
    geo_type: state
    state_fips: "36"
  - geo_code: NC
    geo_name: North Carolina
    geo_type: state
    state_fips: "37"
  - geo_code: ND
    geo_name: North Dakota
    geo_type: state
    state_fips: "38"
  - geo_code: OH
    geo_name: Ohio
    geo_type: state
    state_fips: "39"
  - geo_code: OK
    geo_name: Oklahoma
    geo_type: state
    state_fips: "40"
  - geo_code: OR
    geo_name: Oregon
    geo_type: state
    state_fips: "41"
  - geo_code: PA
    geo_name: Pennsylvania
    geo_type: state
    state_fips: "42"
  - geo_code: RI
    geo_name: Rhode Island
    geo_type: state
    state_fips: "44"
  - geo_code: SC
    geo_name: South Carolina
    geo_type: state
    state_fips: "45"
  - geo_code: SD
    geo_name: South Dakota
    geo_type: state
    state_fips: "46"
  - geo_code: TN
    geo_name: Tennessee
    geo_type: state
    state_fips: "47"
  - geo_code: TX
    geo_name: Texas
    geo_type: state
    state_fips: "48"
  - geo_code: UT
    geo_name: Utah
    geo_type: state
    state_fips: "49"
  - geo_code: VT
    geo_name: Vermont
    geo_type: state
    state_fips: "50"
  - geo_code: VA
    geo_name: Virginia
    geo_type: state
    state_fips: "51"
  - geo_code: WA
    geo_name: Washington
    geo_type: state
    state_fips: "53"
  - geo_code: WV
    geo_name: West Virginia
    geo_type: state
    state_fips: "54"
  - geo_code: WI
    geo_name: Wisconsin
    geo_type: state
    state_fips: "55"
  - geo_code: WY
    geo_name: Wyoming
    geo_type: state
    state_fips: "56"

  # === CENSUS REGIONS (4 entries) ===
  - geo_code: "0100"
    geo_name: Northeast
    geo_type: region
    region_code: "0100"
  - geo_code: "0200"
    geo_name: Midwest
    geo_type: region
    region_code: "0200"
  - geo_code: "0300"
    geo_name: South
    geo_type: region
    region_code: "0300"
  - geo_code: "0400"
    geo_name: West
    geo_type: region
    region_code: "0400"

  # === METROS (27 major metro areas) ===
  # Each metro has publication code, CPI area code (if available), BLS area code, and CBSA code
  # CBSA (Core Based Statistical Area) codes are OMB-defined 5-digit codes for geographic joins
  - geo_code: A100
    geo_name: New York-Newark-Jersey City, NY-NJ-PA
    geo_type: metro
    metro_publication_code: A100
    metro_cpi_area_code: S35D
    metro_bls_area_code: "3693561"
    cbsa_code: "35620"
  - geo_code: A400
    geo_name: Los Angeles-Long Beach-Anaheim, CA
    geo_type: metro
    metro_publication_code: A400
    metro_cpi_area_code: S49G
    metro_bls_area_code: "0631080"
    cbsa_code: "31080"
  - geo_code: A207
    geo_name: Chicago-Naperville-Elgin, IL-IN-WI
    geo_type: metro
    metro_publication_code: A207
    metro_cpi_area_code: S12A
    metro_bls_area_code: "1716980"
    cbsa_code: "16980"
  - geo_code: A425
    geo_name: Houston-The Woodlands-Sugar Land, TX
    geo_type: metro
    metro_publication_code: A425
    metro_cpi_area_code: S37B
    metro_bls_area_code: "4826420"
    cbsa_code: "26420"
  - geo_code: A423
    geo_name: Phoenix-Mesa-Scottsdale, AZ
    geo_type: metro
    metro_publication_code: A423
    metro_cpi_area_code: S49B
    metro_bls_area_code: "0438060"
    cbsa_code: "38060"
  - geo_code: A102
    geo_name: Philadelphia-Camden-Wilmington, PA-NJ-DE-MD
    geo_type: metro
    metro_publication_code: A102
    metro_cpi_area_code: S12B
    metro_bls_area_code: "4237980"
    cbsa_code: "37980"
  - geo_code: A426
    geo_name: San Antonio-New Braunfels, TX
    geo_type: metro
    metro_publication_code: A426
    metro_bls_area_code: "4841700"
    cbsa_code: "41700"
    # No CPI data available for this metro
  - geo_code: A421
    geo_name: San Diego-Carlsbad, CA
    geo_type: metro
    metro_publication_code: A421
    metro_cpi_area_code: S49E
    metro_bls_area_code: "0641740"
    cbsa_code: "41740"
  - geo_code: A127
    geo_name: Dallas-Fort Worth-Arlington, TX
    geo_type: metro
    metro_publication_code: A127
    metro_cpi_area_code: S23A
    metro_bls_area_code: "4819100"
    cbsa_code: "19100"
  - geo_code: A429
    geo_name: San Jose-Sunnyvale-Santa Clara, CA
    geo_type: metro
    metro_publication_code: A429
    metro_cpi_area_code: S49A
    metro_bls_area_code: "0641940"
    cbsa_code: "41940"
  - geo_code: A438
    geo_name: Austin-Round Rock, TX
    geo_type: metro
    metro_publication_code: A438
    metro_bls_area_code: "4812420"
    cbsa_code: "12420"
    # No CPI data available for this metro
  - geo_code: A420
    geo_name: Jacksonville, FL
    geo_type: metro
    metro_publication_code: A420
    metro_cpi_area_code: S35C
    metro_bls_area_code: "1227260"
    cbsa_code: "27260"
  - geo_code: A103
    geo_name: Boston-Cambridge-Newton, MA-NH
    geo_type: metro
    metro_publication_code: A103
    metro_cpi_area_code: S35E
    metro_bls_area_code: "2514460"
    cbsa_code: "14460"
  - geo_code: A428
    geo_name: Seattle-Tacoma-Bellevue, WA
    geo_type: metro
    metro_publication_code: A428
    metro_cpi_area_code: S48B
    metro_bls_area_code: "5342660"
    cbsa_code: "42660"
  - geo_code: A427
    geo_name: Denver-Aurora-Lakewood, CO
    geo_type: metro
    metro_publication_code: A427
    metro_cpi_area_code: S48A
    metro_bls_area_code: "0819740"
    cbsa_code: "19740"
  - geo_code: A101
    geo_name: Washington-Arlington-Alexandria, DC-VA-MD-WV
    geo_type: metro
    metro_publication_code: A101
    metro_cpi_area_code: S35B
    metro_bls_area_code: "1147900"
    cbsa_code: "47900"
  - geo_code: A211
    geo_name: Detroit-Warren-Dearborn, MI
    geo_type: metro
    metro_publication_code: A211
    metro_cpi_area_code: S23B
    metro_bls_area_code: "2619820"
    cbsa_code: "19820"
  - geo_code: A104
    geo_name: Cleveland-Elyria, OH
    geo_type: metro
    metro_publication_code: A104
    metro_bls_area_code: "3917460"
    cbsa_code: "17460"
    # No CPI data available for this metro
  - geo_code: A212
    geo_name: Minneapolis-St. Paul-Bloomington, MN-WI
    geo_type: metro
    metro_publication_code: A212
    metro_cpi_area_code: S24A
    metro_bls_area_code: "2733460"
    cbsa_code: "33460"
  - geo_code: A422
    geo_name: Miami-Fort Lauderdale-West Palm Beach, FL
    geo_type: metro
    metro_publication_code: A422
    metro_cpi_area_code: S35C
    metro_bls_area_code: "1233100"
    cbsa_code: "33100"
  - geo_code: A419
    geo_name: Atlanta-Sandy Springs-Roswell, GA
    geo_type: metro
    metro_publication_code: A419
    metro_cpi_area_code: S35A
    metro_bls_area_code: "1312060"
    cbsa_code: "12060"
  - geo_code: A437
    geo_name: Portland-Vancouver-Hillsboro, OR-WA
    geo_type: metro
    metro_publication_code: A437
    metro_cpi_area_code: S49C
    metro_bls_area_code: "4138900"
    cbsa_code: "38900"
  - geo_code: A424
    geo_name: Riverside-San Bernardino-Ontario, CA
    geo_type: metro
    metro_publication_code: A424
    metro_cpi_area_code: S49D
    metro_bls_area_code: "0640140"
    cbsa_code: "40140"
  - geo_code: A320
    geo_name: St. Louis, MO-IL
    geo_type: metro
    metro_publication_code: A320
    metro_cpi_area_code: S24B
    metro_bls_area_code: "2941180"
    cbsa_code: "41180"
  - geo_code: A319
    geo_name: Baltimore-Columbia-Towson, MD
    geo_type: metro
    metro_publication_code: A319
    metro_bls_area_code: "2412580"
    cbsa_code: "12580"
    # No CPI data available for this metro
  - geo_code: A433
    geo_name: Tampa-St. Petersburg-Clearwater, FL
    geo_type: metro
    metro_publication_code: A433
    metro_cpi_area_code: S35D
    metro_bls_area_code: "1245300"
    cbsa_code: "45300"
  - geo_code: A440
    geo_name: Anchorage, AK
    geo_type: metro
    metro_publication_code: A440
    metro_bls_area_code: "0211260"
    cbsa_code: "11260"
    # No CPI data available for this metro
